run_id,scenario_id,persona_id,kyc_result,root_cause_result,resolution_result,escalation_result,overall_result,failures
9c07efeb-eaab-448a-8327-aae40124dc9d,SC003,P002,PASS,YES,YES,PASS,PASS,
6a9541ed-3d60-4005-b8cb-386c32951747,SC002,P003,PASS,YES,YES,PASS,PASS,
88f8499f-7fc3-4ef0-9f9d-df0db1719c67,SC002,P002,PASS,YES,YES,PASS,PASS,
88fd58e2-ea52-43f5-b4c6-999670356ba2,SC003,P001,PASS,YES,YES,PASS,PASS,
c7217fec-e708-44d4-9d0a-c166b79f74a4,SC001,P003,PASS,YES,YES,PASS,PASS,
fd43f4e6-fa22-4eb3-89b4-e48260b91514,SC001,P001,PASS,YES,YES,PASS,PASS,
bcc18f84-41c4-40e5-8e7f-10bb1054d55f,SC001,P002,PASS,YES,YES,PASS,PASS,
19b9d5cb-19e9-4305-8310-241367e08b54,SC004,P001,PASS,YES,YES,PASS,PASS,
79bf8e4b-a7ba-4667-a9e2-c89c89efeff2,SC002,P001,PASS,YES,YES,PASS,PASS,
4ece8afa-a91c-4e8a-a457-357b23be0482,SC003,P003,PASS,YES,YES,PASS,PASS,
2d21050c-2e65-4f2c-b903-b537c8fde670,SC004,P003,PASS,YES,YES,PASS,PASS,
0080a274-2df4-4b0e-aad8-3ed3011921f2,SC004,P002,PASS,YES,YES,PASS,PASS,
